parameter,value,unit,module,source_tag,uncertainty_level,calibration_status
ALPHA_CAPITAL,0.3,dimensionless,gim.core.calibration_params,PWT10,low,validated
BASE_BIRTH_RATE,0.025,dimensionless,gim.core.calibration_params,WDI23,low,validated
BASE_DEATH_RATE,0.012,dimensionless,gim.core.calibration_params,WDI23,low,validated
BASE_INTEREST_RATE,0.02,dimensionless,gim.core.calibration_params,WEO25,medium,unspecified
BETA_LABOR,0.6,dimensionless,gim.core.calibration_params,PWT10,low,validated
BIODIVERSITY_RISK_DAMP,0.6,dimensionless,gim.core.calibration_params,PRIOR,high,unspecified
BIODIVERSITY_TEMP_DAMAGE,0.004,dimensionless,gim.core.calibration_params,PRIOR,high,unspecified
BIRTH_GDP_PC_DECAY,1e-06,dimensionless,gim.core.calibration_params,PRIOR,high,unspecified
BIRTH_GINI_DAMP,0.3,dimensionless,gim.core.calibration_params,PRIOR,high,unspecified
BIRTH_PROSPERITY_DAMP,0.5,dimensionless,gim.core.calibration_params,PRIOR,high,unspecified
BIRTH_RATE_MAX,0.04,dimensionless,gim.core.calibration_params,UNSPECIFIED,unspecified,unspecified
BIRTH_RATE_MIN,0.006,dimensionless,gim.core.calibration_params,UNSPECIFIED,unspecified,unspecified
BIRTH_SCARCITY_DAMP,0.6,dimensionless,gim.core.calibration_params,PRIOR,high,unspecified
CAPITAL_DEPRECIATION,0.05,dimensionless,gim.core.calibration_params,PWT10,low,validated
CARBON_POOL_FRACTIONS,"[0.2173, 0.224, 0.2824, 0.2763]",vector,gim.core.calibration_params,IPCC_AR6,low,validated
CARBON_POOL_TIMESCALES,"[inf, 394.4, 36.54, 4.304]",vector,gim.core.calibration_params,IPCC_AR6,low,validated
CLIMATE_ADAPT_BASE,0.005,dimensionless,gim.core.calibration_params,PRIOR,high,prior
CLIMATE_ADAPT_RISK_SENS,0.015,dimensionless,gim.core.calibration_params,PRIOR,high,prior
CO2_INTENSITY_FLOOR,0.02,dimensionless,gim.core.calibration_params,PRIOR,high,unspecified
CONTAGION_DEBT_THRESHOLD,0.9,dimensionless,gim.core.calibration_params,PRIOR,high,unspecified
CONTAGION_SPREAD_CAP,0.05,dimensionless,gim.core.calibration_params,UNSPECIFIED,unspecified,unspecified
CONTAGION_SPREAD_SENS,0.02,dimensionless,gim.core.calibration_params,PRIOR,high,unspecified
CRISK_BASE_CONST,0.3,dimensionless,gim.core.calibration_params,PRIOR,high,unspecified
CRISK_GINI_WEIGHT,0.15,dimensionless,gim.core.calibration_params,PRIOR,high,questionable
CRISK_RESPONSE_RATE,0.06,dimensionless,gim.core.calibration_params,PRIOR,high,prior
CRISK_TEMP_SENSITIVITY,0.45,dimensionless,gim.core.calibration_params,PRIOR,high,prior
CRISK_WATER_WEIGHT,0.45,dimensionless,gim.core.calibration_params,PRIOR,high,prior
CR_FINANCIAL_BLEND_NEXT_W,0.4,dimensionless,gim.core.calibration_params,PRIOR,high,unspecified
CR_FINANCIAL_BLEND_NOW_W,0.6,dimensionless,gim.core.calibration_params,PRIOR,high,unspecified
CR_FINANCIAL_DEBT_GDP_HI,1.8,dimensionless,gim.core.calibration_params,PRIOR,high,unspecified
CR_FINANCIAL_DEBT_GDP_LO,0.6,dimensionless,gim.core.calibration_params,PRIOR,high,unspecified
CR_FINANCIAL_NEXT_GROWTH_W,0.35,dimensionless,gim.core.calibration_params,PRIOR,high,unspecified
CR_FINANCIAL_NEXT_STRESS_W,0.65,dimensionless,gim.core.calibration_params,PRIOR,high,unspecified
CR_FINANCIAL_NOW_CRISIS_W,0.15,dimensionless,gim.core.calibration_params,PRIOR,high,unspecified
CR_FINANCIAL_NOW_DEBT_W,0.35,dimensionless,gim.core.calibration_params,PRIOR,high,unspecified
CR_FINANCIAL_NOW_RATE_W,0.25,dimensionless,gim.core.calibration_params,PRIOR,high,unspecified
CR_FINANCIAL_NOW_STRESS_W,0.25,dimensionless,gim.core.calibration_params,PRIOR,high,unspecified
CR_FINANCIAL_RATE_HI,0.2,dimensionless,gim.core.calibration_params,PRIOR,high,unspecified
CR_FINANCIAL_RATE_LO,0.04,dimensionless,gim.core.calibration_params,PRIOR,high,unspecified
CR_GROWTH_DETERIORATION_HI,0.2,dimensionless,gim.core.calibration_params,PRIOR,high,unspecified
CR_GROWTH_DETERIORATION_LO,0.01,dimensionless,gim.core.calibration_params,PRIOR,high,unspecified
CR_MACRO_FX_BUFFER_CAP,0.2,dimensionless,gim.core.calibration_params,PRIOR,high,unspecified
CR_MACRO_FX_BUFFER_W,0.15,dimensionless,gim.core.calibration_params,PRIOR,high,unspecified
CR_MACRO_GROWTH_W,0.35,dimensionless,gim.core.calibration_params,PRIOR,high,unspecified
CR_MACRO_INFLATION_HI,0.12,dimensionless,gim.core.calibration_params,PRIOR,high,unspecified
CR_MACRO_INFLATION_LO,0.02,dimensionless,gim.core.calibration_params,PRIOR,high,unspecified
CR_MACRO_INFLATION_W,0.15,dimensionless,gim.core.calibration_params,PRIOR,high,unspecified
CR_MACRO_RESERVE_W,0.15,dimensionless,gim.core.calibration_params,PRIOR,high,unspecified
CR_MACRO_UNEMPLOYMENT_HI,0.22,dimensionless,gim.core.calibration_params,PRIOR,high,unspecified
CR_MACRO_UNEMPLOYMENT_LO,0.05,dimensionless,gim.core.calibration_params,PRIOR,high,unspecified
CR_MACRO_UNEMPLOYMENT_W,0.2,dimensionless,gim.core.calibration_params,PRIOR,high,unspecified
CR_RATING_DISTRESSED_MAX,23,count,gim.core.calibration_params,PRIOR,high,unspecified
CR_RATING_INVESTMENT_MAX,12,count,gim.core.calibration_params,PRIOR,high,unspecified
CR_RATING_MAX,26,count,gim.core.calibration_params,PRIOR,high,unspecified
CR_RATING_MIN,1,count,gim.core.calibration_params,PRIOR,high,unspecified
CR_RATING_PRIME_MAX,3,count,gim.core.calibration_params,PRIOR,high,unspecified
CR_RATING_SUB_INVESTMENT_MAX,18,count,gim.core.calibration_params,PRIOR,high,unspecified
CR_RESERVE_ENERGY_YEARS,3,dimensionless,gim.core.calibration_params,PRIOR,high,unspecified
CR_RESERVE_FOOD_YEARS,2,dimensionless,gim.core.calibration_params,PRIOR,high,unspecified
CR_RESERVE_METALS_YEARS,3,dimensionless,gim.core.calibration_params,PRIOR,high,unspecified
CR_RESERVE_RISK_ENERGY_W,0.5,dimensionless,gim.core.calibration_params,PRIOR,high,unspecified
CR_RESERVE_RISK_FOOD_W,0.3,dimensionless,gim.core.calibration_params,PRIOR,high,unspecified
CR_RESERVE_RISK_METALS_W,0.2,dimensionless,gim.core.calibration_params,PRIOR,high,unspecified
CR_REV_FRAGILITY_W,0.15,dimensionless,gim.core.calibration_params,PRIOR,high,unspecified
CR_REV_PROTEST_W,0.3,dimensionless,gim.core.calibration_params,PRIOR,high,unspecified
CR_REV_TENSION_W,0.25,dimensionless,gim.core.calibration_params,PRIOR,high,unspecified
CR_REV_TREND_HI,0.2,dimensionless,gim.core.calibration_params,PRIOR,high,unspecified
CR_REV_TREND_LO,0,dimensionless,gim.core.calibration_params,PRIOR,high,unspecified
CR_REV_TREND_W,0.1,dimensionless,gim.core.calibration_params,PRIOR,high,unspecified
CR_REV_TRUST_W,0.2,dimensionless,gim.core.calibration_params,PRIOR,high,unspecified
CR_SANCTIONS_BLEND_NEXT_W,0.45,dimensionless,gim.core.calibration_params,PRIOR,high,unspecified
CR_SANCTIONS_BLEND_NOW_W,0.55,dimensionless,gim.core.calibration_params,PRIOR,high,unspecified
CR_SANCTION_HOSTILITY_CONFLICT_W,0.55,dimensionless,gim.core.calibration_params,PRIOR,high,unspecified
CR_SANCTION_HOSTILITY_TRUST_W,0.45,dimensionless,gim.core.calibration_params,PRIOR,high,unspecified
CR_SANCTION_NEXT_HOSTILITY_W,0.6,dimensionless,gim.core.calibration_params,PRIOR,high,unspecified
CR_SANCTION_NEXT_PROPENSITY_W,0.4,dimensionless,gim.core.calibration_params,PRIOR,high,unspecified
CR_SANCTION_PRESSURE_DIVISOR,8,dimensionless,gim.core.calibration_params,PRIOR,high,unspecified
CR_SANCTION_PRESSURE_STRONG_WEIGHT,2,dimensionless,gim.core.calibration_params,PRIOR,high,unspecified
CR_SOCIAL_FOOD_STRESS_W,0.15,dimensionless,gim.core.calibration_params,PRIOR,high,unspecified
CR_SOCIAL_FOOD_YEARS_CAP,2,dimensionless,gim.core.calibration_params,PRIOR,high,unspecified
CR_SOCIAL_GINI_HI,65,dimensionless,gim.core.calibration_params,PRIOR,high,unspecified
CR_SOCIAL_GINI_LO,30,dimensionless,gim.core.calibration_params,PRIOR,high,unspecified
CR_SOCIAL_INFLATION_HI,0.15,dimensionless,gim.core.calibration_params,PRIOR,high,unspecified
CR_SOCIAL_INFLATION_LO,0.02,dimensionless,gim.core.calibration_params,PRIOR,high,unspecified
CR_SOCIAL_MANAGEMENT_POLICY_W,0.25,dimensionless,gim.core.calibration_params,PRIOR,high,unspecified
CR_SOCIAL_MANAGEMENT_SPENDING_W,0.2,dimensionless,gim.core.calibration_params,PRIOR,high,unspecified
CR_SOCIAL_MANAGEMENT_STABILITY_W,0.2,dimensionless,gim.core.calibration_params,PRIOR,high,unspecified
CR_SOCIAL_MANAGEMENT_TRUST_W,0.35,dimensionless,gim.core.calibration_params,PRIOR,high,unspecified
CR_SOCIAL_RISK_COLLAPSE_W,0.15,dimensionless,gim.core.calibration_params,PRIOR,high,unspecified
CR_SOCIAL_RISK_MANAGEMENT_W,0.2,dimensionless,gim.core.calibration_params,PRIOR,high,unspecified
CR_SOCIAL_RISK_REV_W,0.55,dimensionless,gim.core.calibration_params,PRIOR,high,unspecified
CR_SOCIAL_RISK_STRUCT_W,0.3,dimensionless,gim.core.calibration_params,PRIOR,high,unspecified
CR_SOCIAL_SPENDING_HI,0.2,dimensionless,gim.core.calibration_params,PRIOR,high,unspecified
CR_SOCIAL_SPENDING_LO,0.04,dimensionless,gim.core.calibration_params,PRIOR,high,unspecified
CR_SOCIAL_STRUCTURAL_GINI_W,0.3,dimensionless,gim.core.calibration_params,PRIOR,high,unspecified
CR_SOCIAL_STRUCTURAL_INFLATION_W,0.15,dimensionless,gim.core.calibration_params,PRIOR,high,unspecified
CR_SOCIAL_STRUCTURAL_UNEMPLOYMENT_W,0.2,dimensionless,gim.core.calibration_params,PRIOR,high,unspecified
CR_SOCIAL_STRUCTURAL_WATER_W,0.2,dimensionless,gim.core.calibration_params,PRIOR,high,unspecified
CR_SOCIAL_UNEMPLOYMENT_HI,0.25,dimensionless,gim.core.calibration_params,PRIOR,high,unspecified
CR_SOCIAL_UNEMPLOYMENT_LO,0.05,dimensionless,gim.core.calibration_params,PRIOR,high,unspecified
CR_TOTAL_FINANCIAL_W,0.25,dimensionless,gim.core.calibration_params,PRIOR,high,unspecified
CR_TOTAL_MACRO_W,0.2,dimensionless,gim.core.calibration_params,PRIOR,high,unspecified
CR_TOTAL_SANCTIONS_W,0.13,dimensionless,gim.core.calibration_params,PRIOR,high,unspecified
CR_TOTAL_SOCIAL_W,0.22,dimensionless,gim.core.calibration_params,PRIOR,high,unspecified
CR_TOTAL_WAR_W,0.2,dimensionless,gim.core.calibration_params,PRIOR,high,unspecified
CR_WAR_BLEND_AT_WAR_W,0.6,dimensionless,gim.core.calibration_params,PRIOR,high,unspecified
CR_WAR_BLEND_NEXT_W,0.4,dimensionless,gim.core.calibration_params,PRIOR,high,unspecified
CR_WAR_HIGH_CONFLICT_THRESHOLD,0.55,dimensionless,gim.core.calibration_params,PRIOR,high,unspecified
CR_WAR_LINK_CONFLICT_W,0.55,dimensionless,gim.core.calibration_params,PRIOR,high,unspecified
CR_WAR_LINK_MILITARY_W,0.2,dimensionless,gim.core.calibration_params,PRIOR,high,unspecified
CR_WAR_LINK_TRUST_W,0.25,dimensionless,gim.core.calibration_params,PRIOR,high,unspecified
CR_WAR_MIL_PRESSURE_SCALE,1.5,dimensionless,gim.core.calibration_params,PRIOR,high,unspecified
CR_WAR_NEXT_CONFLICT_PRONE_W,0.2,dimensionless,gim.core.calibration_params,PRIOR,high,unspecified
CR_WAR_NEXT_HAWKISH_W,0.15,dimensionless,gim.core.calibration_params,PRIOR,high,unspecified
CR_WAR_NEXT_WAR_W,0.65,dimensionless,gim.core.calibration_params,PRIOR,high,unspecified
DAMAGE_BENEFIT_MAX,0.006,dimensionless,gim.core.calibration_params,PRIOR,high,questionable
DAMAGE_BENEFIT_PEAK,0.3,dimensionless,gim.core.calibration_params,PRIOR,high,questionable
DAMAGE_BENEFIT_STDDEV,0.5,dimensionless,gim.core.calibration_params,PRIOR,high,unspecified
DAMAGE_QUAD_COEFF,0.006,dimensionless,gim.core.calibration_params,PRIOR,high,prior
DAMAGE_RISK_ADJ,0.005,dimensionless,gim.core.calibration_params,PRIOR,high,questionable
DEATH_GDP_PC_DECAY,5e-07,dimensionless,gim.core.calibration_params,PRIOR,high,unspecified
DEATH_GINI_SENS,0.4,dimensionless,gim.core.calibration_params,PRIOR,high,unspecified
DEATH_PROSPERITY_DAMP,0.2,dimensionless,gim.core.calibration_params,PRIOR,high,unspecified
DEATH_RATE_MAX,0.03,dimensionless,gim.core.calibration_params,UNSPECIFIED,unspecified,unspecified
DEATH_RATE_MIN,0.004,dimensionless,gim.core.calibration_params,UNSPECIFIED,unspecified,unspecified
DEATH_SCARCITY_SENS,1,dimensionless,gim.core.calibration_params,PRIOR,high,unspecified
DEBT_CRISIS_DEBT_MULT,0.6,dimensionless,gim.core.calibration_params,PRIOR,high,unspecified
DEBT_CRISIS_DEBT_THRESHOLD,1.2,dimensionless,gim.core.calibration_params,PRIOR,high,prior
DEBT_CRISIS_EXIT_RATE,0.08,dimensionless,gim.core.calibration_params,DATA plateau-guardrail,medium,data
DEBT_CRISIS_EXIT_THRESHOLD,0.7,dimensionless,gim.core.calibration_params,DATA plateau-guardrail,medium,data
DEBT_CRISIS_GDP_MULT,0.9,dimensionless,gim.core.calibration_params,PRIOR,high,unspecified
DEBT_CRISIS_MAX_YEARS,6,count,gim.core.calibration_params,DATA plateau-guardrail,medium,data
DEBT_CRISIS_PERSIST_GDP_MULT,0.965,dimensionless,gim.core.calibration_params,DATA plateau-guardrail,medium,data
DEBT_CRISIS_PERSIST_TENSION_HIT,0.02,dimensionless,gim.core.calibration_params,DATA plateau-guardrail,medium,data
DEBT_CRISIS_PERSIST_TRUST_HIT,0.025,dimensionless,gim.core.calibration_params,DATA plateau-guardrail,medium,data
DEBT_CRISIS_RATE_THRESHOLD,0.12,dimensionless,gim.core.calibration_params,PRIOR,high,unspecified
DEBT_CRISIS_STABILITY_HIT,0.15,dimensionless,gim.core.calibration_params,PRIOR,high,unspecified
DEBT_CRISIS_TENSION_HIT,0.15,dimensionless,gim.core.calibration_params,PRIOR,high,unspecified
DEBT_CRISIS_TRUST_HIT,0.15,dimensionless,gim.core.calibration_params,PRIOR,high,unspecified
DEBT_CRISIS_UNEMPLOYMENT_HIT,0.05,dimensionless,gim.core.calibration_params,PRIOR,high,unspecified
DEBT_CRISIS_UNEMPLOYMENT_MAX,0.3,dimensionless,gim.core.calibration_params,PRIOR,high,unspecified
DEBT_SPREAD_FRAGILITY_BASE,0.7,dimensionless,gim.core.calibration_params,PRIOR,high,unspecified
DEBT_SPREAD_FRAGILITY_SENS,0.6,dimensionless,gim.core.calibration_params,PRIOR,high,unspecified
DEBT_SPREAD_LINEAR,0.03,dimensionless,gim.core.calibration_params,PRIOR,high,unspecified
DEBT_SPREAD_QUADRATIC,0.1,dimensionless,gim.core.calibration_params,PRIOR,high,unspecified
DEBT_SPREAD_RISK_BASE,0.5,dimensionless,gim.core.calibration_params,PRIOR,high,unspecified
DEBT_SPREAD_RISK_SENS,0.5,dimensionless,gim.core.calibration_params,PRIOR,high,unspecified
DEBT_SPREAD_THRESHOLD,0.6,dimensionless,gim.core.calibration_params,PRIOR,high,unspecified
DEBT_STRESS_CAP,3,dimensionless,gim.core.calibration_params,PRIOR,high,unspecified
DEBT_STRESS_THRESHOLD,1,dimensionless,gim.core.calibration_params,PRIOR,high,unspecified
DECARB_RATE,0.052,dimensionless,gim.core.calibration_params,UNSPECIFIED,medium,artifact
DECARB_RATE_OBSERVED_REFERENCE,0.0160250825898,dimensionless,gim.core.calibration_params,UNSPECIFIED,medium,data
DECARB_RATE_STRUCTURAL,0.052,dimensionless,gim.core.calibration_params,ARTIFACT,medium,artifact
ECS_DEFAULT,3,dimensionless,gim.core.calibration_params,IPCC_AR6,low,validated
ECS_MAX,4,dimensionless,gim.core.calibration_params,IPCC_AR6,low,unspecified
ECS_MIN,1.5,dimensionless,gim.core.calibration_params,IPCC_AR6,low,unspecified
EMISSIONS_SCALE,0.975542443425,dimensionless,gim.core.calibration_params,GCP2023,low,validated
EVENT_BASE_PROB,0.012,dimensionless,gim.core.calibration_params,PRIOR,high,prior
EVENT_MAX_EXTRA_PROB,0.07,dimensionless,gim.core.calibration_params,PRIOR,high,prior
EVENT_POP_LOSS_BASE,0.004,dimensionless,gim.core.calibration_params,PRIOR,high,unspecified
EVENT_POP_LOSS_RISK_SENS,0.015,dimensionless,gim.core.calibration_params,PRIOR,high,unspecified
EVENT_POP_RESILIENCE_DAMP,0.35,dimensionless,gim.core.calibration_params,PRIOR,high,unspecified
EVENT_PROB_MAX,0.5,dimensionless,gim.core.calibration_params,UNSPECIFIED,unspecified,unspecified
EVENT_RESILIENCE_DAMP,0.4,dimensionless,gim.core.calibration_params,PRIOR,high,prior
EVENT_SEVERITY_BASE,0.03,dimensionless,gim.core.calibration_params,PRIOR,high,unspecified
EVENT_SEVERITY_RESILIENCE_DAMP,0.5,dimensionless,gim.core.calibration_params,PRIOR,high,unspecified
EVENT_SEVERITY_RISK_SENS,0.15,dimensionless,gim.core.calibration_params,PRIOR,high,unspecified
EVENT_SHOCK_PENALTY_CAP,0.1,dimensionless,gim.core.calibration_params,UNSPECIFIED,unspecified,unspecified
EVENT_SHOCK_PENALTY_SEVERITY_SENS,0.5,dimensionless,gim.core.calibration_params,PRIOR,high,unspecified
EVENT_SHOCK_YEARS,2,count,gim.core.calibration_params,UNSPECIFIED,unspecified,unspecified
EVENT_TEMP_WARMING_SENS,0.15,dimensionless,gim.core.calibration_params,PRIOR,high,unspecified
EVENT_TENSION_JUMP_BASE,0.03,dimensionless,gim.core.calibration_params,PRIOR,high,unspecified
EVENT_TENSION_JUMP_RISK_SENS,0.1,dimensionless,gim.core.calibration_params,PRIOR,high,unspecified
EVENT_TRUST_PENALTY_BASE,0.02,dimensionless,gim.core.calibration_params,PRIOR,high,unspecified
EVENT_TRUST_PENALTY_RISK_SENS,0.03,dimensionless,gim.core.calibration_params,PRIOR,high,unspecified
EVENT_TRUST_REWARD_BASE,0.02,dimensionless,gim.core.calibration_params,PRIOR,high,unspecified
EVENT_TRUST_REWARD_RESILIENCE_SENS,0.02,dimensionless,gim.core.calibration_params,PRIOR,high,unspecified
EVENT_TRUST_STABILITY_THRESHOLD,0.6,dimensionless,gim.core.calibration_params,PRIOR,high,unspecified
FOOD_AVAILABILITY_MAX,2,dimensionless,gim.core.calibration_params,PRIOR,high,unspecified
FOOD_RESERVE_WEIGHT,0.2,dimensionless,gim.core.calibration_params,PRIOR,high,unspecified
FORCING_LOG_COEFF,5.35,dimensionless,gim.core.calibration_params,IPCC_AR6,low,validated
FUEL_TAX_EFFECT_MAX,1.4,dimensionless,gim.core.calibration_params,UNSPECIFIED,unspecified,unspecified
FUEL_TAX_EFFECT_MIN,0.6,dimensionless,gim.core.calibration_params,UNSPECIFIED,unspecified,unspecified
FUEL_TAX_EMISSIONS_SENS,0.12,dimensionless,gim.core.calibration_params,PRIOR,high,unspecified
F_NONCO2_BASE_YEAR,2015,count,gim.core.calibration_params,IPCC_AR6,low,unspecified
F_NONCO2_DEFAULT,0.4,dimensionless,gim.core.calibration_params,IPCC_AR6,low,validated
F_NONCO2_TREND,0.012,dimensionless,gim.core.calibration_params,IPCC_AR6,low,unspecified
GAMMA_ENERGY,0.07,dimensionless,gim.core.calibration_params,XSECTION,medium,cross_section
GDP_ADJUST_SPEED_BASE,0.3,dimensionless,gim.core.calibration_params,PRIOR,high,unspecified
GDP_ADJUST_SPEED_GAP_SENS,0.35,dimensionless,gim.core.calibration_params,PRIOR,high,unspecified
GINI_FISCAL_SENS,-60,dimensionless,gim.core.calibration_params,PRIOR,high,prior
GINI_GROWTH_SENS,6,dimensionless,gim.core.calibration_params,PRIOR,high,unspecified
GINI_MAX,70,dimensionless,gim.core.calibration_params,UNSPECIFIED,unspecified,unspecified
GINI_MIN,20,dimensionless,gim.core.calibration_params,UNSPECIFIED,unspecified,unspecified
GINI_RECESSION_SENS,4,dimensionless,gim.core.calibration_params,PRIOR,high,unspecified
GINI_RECESSION_TENSION_OFFSET,0.5,dimensionless,gim.core.calibration_params,PRIOR,high,unspecified
GINI_TENSION_REF,0.4,dimensionless,gim.core.calibration_params,PRIOR,high,unspecified
GINI_TENSION_SENS,1.2,dimensionless,gim.core.calibration_params,PRIOR,high,unspecified
HEAT_CAP_DEEP,100,dimensionless,gim.core.calibration_params,DICE16,medium,unspecified
HEAT_CAP_SURFACE,30,dimensionless,gim.core.calibration_params,BACKTEST,medium,backtest
INEQUALITY_EFFECT_SENS,0.0005,dimensionless,gim.core.calibration_params,PRIOR,high,unspecified
MAX_NEW_DEBT_GDP,0.05,dimensionless,gim.core.calibration_params,WEO25,low,validated
MIGRATION_BASE_RATE,0.001,dimensionless,gim.core.calibration_params,PRIOR,high,prior
MIGRATION_CONFLICT_PUSH_W,0.4,dimensionless,gim.core.calibration_params,PRIOR,high,unspecified
MIGRATION_DEST_CONFLICT_DAMP,0.5,dimensionless,gim.core.calibration_params,PRIOR,high,unspecified
MIGRATION_INCOME_PUSH_W,0.6,dimensionless,gim.core.calibration_params,PRIOR,high,unspecified
MIGRATION_MAX_SHARE,0.003,dimensionless,gim.core.calibration_params,PRIOR,high,unspecified
MILITARY_SPEND_BASE,0.035,dimensionless,gim.core.calibration_params,SIPRI23,low,validated
OBS_MAX_NEIGHBORS,8,count,gim.core.calibration_params,PRIOR,high,prior
OCEAN_EXCHANGE,0.7,dimensionless,gim.core.calibration_params,DICE16,medium,unspecified
POLICY_LOG_DEPTH,3,count,gim.core.calibration_params,PRIOR,high,prior
POLICY_REDUCTION_MAX,0.9,dimensionless,gim.core.calibration_params,UNSPECIFIED,unspecified,unspecified
PROSPERITY_LOGIT_SENS,1.2,dimensionless,gim.core.calibration_params,PRIOR,high,unspecified
PROTEST_RISK_DISTRUST_W,0.3,dimensionless,gim.core.calibration_params,PRIOR,high,prior
PROTEST_RISK_FRAGILITY_BASE,0.5,dimensionless,gim.core.calibration_params,PRIOR,high,unspecified
PROTEST_RISK_FRAGILITY_SENS,0.5,dimensionless,gim.core.calibration_params,PRIOR,high,unspecified
PROTEST_RISK_GINI_W,0.1,dimensionless,gim.core.calibration_params,PRIOR,high,prior
PROTEST_RISK_TENSION_W,0.6,dimensionless,gim.core.calibration_params,PRIOR,high,prior
RATE_MAX,0.35,dimensionless,gim.core.calibration_params,UNSPECIFIED,unspecified,unspecified
RATE_SPREAD_CAP,0.25,dimensionless,gim.core.calibration_params,UNSPECIFIED,unspecified,unspecified
RD_SPENDING_DECAY,0.85,dimensionless,gim.core.calibration_params,PRIOR,high,unspecified
REGIME_COLLAPSE_CAPITAL_MULT,0.7,dimensionless,gim.core.calibration_params,PRIOR,high,unspecified
REGIME_COLLAPSE_DEBT_MULT,0.7,dimensionless,gim.core.calibration_params,PRIOR,high,unspecified
REGIME_COLLAPSE_GDP_MULT,0.8,dimensionless,gim.core.calibration_params,PRIOR,high,unspecified
REGIME_COLLAPSE_STABILITY_HIT,0.2,dimensionless,gim.core.calibration_params,PRIOR,high,unspecified
REGIME_COLLAPSE_TENSION_CAP,0.6,dimensionless,gim.core.calibration_params,PRIOR,high,unspecified
REGIME_COLLAPSE_TENSION_THRESHOLD,0.8,dimensionless,gim.core.calibration_params,PRIOR,high,unspecified
REGIME_COLLAPSE_TRUST_FLOOR,0.25,dimensionless,gim.core.calibration_params,PRIOR,high,unspecified
REGIME_COLLAPSE_TRUST_THRESHOLD,0.2,dimensionless,gim.core.calibration_params,PRIOR,high,prior
REGIME_CRISIS_MAX_YEARS,5,count,gim.core.calibration_params,DATA plateau-guardrail,medium,data
REGIME_CRISIS_PERSIST_CAPITAL_MULT,0.975,dimensionless,gim.core.calibration_params,DATA plateau-guardrail,medium,data
REGIME_CRISIS_PERSIST_GDP_MULT,0.96,dimensionless,gim.core.calibration_params,DATA plateau-guardrail,medium,data
RESILIENCE_ADAPT_REF,0.03,dimensionless,gim.core.calibration_params,PRIOR,high,unspecified
RESILIENCE_ADAPT_W,0.15,dimensionless,gim.core.calibration_params,PRIOR,high,unspecified
RESILIENCE_STABILITY_W,0.4,dimensionless,gim.core.calibration_params,PRIOR,high,unspecified
RESILIENCE_TECH_REF,2,dimensionless,gim.core.calibration_params,PRIOR,high,unspecified
RESILIENCE_TECH_W,0.3,dimensionless,gim.core.calibration_params,PRIOR,high,unspecified
RESILIENCE_TRUST_W,0.15,dimensionless,gim.core.calibration_params,PRIOR,high,unspecified
SAVINGS_BASE,0.24,dimensionless,gim.core.calibration_params,WDI23,low,validated
SAVINGS_BASELINE_OFFSET,0.7,dimensionless,gim.core.calibration_params,PRIOR,high,unspecified
SAVINGS_MAX,0.4,dimensionless,gim.core.calibration_params,UNSPECIFIED,unspecified,unspecified
SAVINGS_MIN,0.05,dimensionless,gim.core.calibration_params,UNSPECIFIED,unspecified,unspecified
SAVINGS_STABILITY_SENS,0.6,dimensionless,gim.core.calibration_params,PRIOR,high,unspecified
SAVINGS_TENSION_SENS,0.4,dimensionless,gim.core.calibration_params,PRIOR,high,unspecified
SOCIAL_SPEND_BASE,0.15,dimensionless,gim.core.calibration_params,WDI23,low,validated
SOCIAL_STRESS_INFLATION_SENS,0.005,dimensionless,gim.core.calibration_params,PRIOR,high,unspecified
SOCIAL_STRESS_UNEMPLOYMENT_SENS,0.01,dimensionless,gim.core.calibration_params,PRIOR,high,unspecified
SOCIAL_TRUST_ANCHOR_REF,0.5,dimensionless,gim.core.calibration_params,PRIOR,high,unspecified
SOCIAL_TRUST_ANCHOR_SENS,0.06,dimensionless,gim.core.calibration_params,PRIOR,high,unspecified
STRUCTURAL_TRANSITION_MULT_MAX,1.15,dimensionless,gim.core.calibration_params,UNSPECIFIED,unspecified,unspecified
STRUCTURAL_TRANSITION_MULT_MIN,1,dimensionless,gim.core.calibration_params,UNSPECIFIED,unspecified,unspecified
STRUCTURAL_TRANSITION_POLICY_SENS,0.5,dimensionless,gim.core.calibration_params,PRIOR,high,prior
STRUCTURAL_TRANSITION_TAX_SENS,0.05,dimensionless,gim.core.calibration_params,PRIOR,high,prior
TAX_RATE_BASE,0.22,dimensionless,gim.core.calibration_params,WDI23,low,validated
TECH_DECARB_K,0.12,dimensionless,gim.core.calibration_params,PRIOR,high,prior
TECH_OUTPUT_SENS,0.6,dimensionless,gim.core.calibration_params,PRIOR,high,unspecified
TEMP_BACKTEST_ENSEMBLE_SIZE,8,count,gim.core.calibration_params,BACKTEST,medium,backtest
TEMP_NATURAL_VARIABILITY_SIGMA,0.08,dimensionless,gim.core.calibration_params,BACKTEST,medium,backtest
TFP_DIFFUSION_SENS,0.02,dimensionless,gim.core.calibration_params,PRIOR,high,unspecified
TFP_DRIFT,0.01,dimensionless,gim.core.calibration_params,PRIOR,high,unspecified
TFP_GROWTH_MAX,0.05,dimensionless,gim.core.calibration_params,UNSPECIFIED,unspecified,unspecified
TFP_GROWTH_MIN,-0.05,dimensionless,gim.core.calibration_params,UNSPECIFIED,unspecified,unspecified
TFP_RD_SHARE_SENS,0.5,dimensionless,gim.core.calibration_params,BACKTEST,medium,backtest
TFP_TRADE_SPILLOVER_SENS,0.3,dimensionless,gim.core.calibration_params,PRIOR,high,prior
TRUST_GDP_PC_REF,10000,dimensionless,gim.core.calibration_params,PRIOR,high,unspecified
TRUST_GDP_PC_SENS,5e-05,dimensionless,gim.core.calibration_params,PRIOR,high,unspecified
TRUST_GINI_SENS,-0.0004,dimensionless,gim.core.calibration_params,PRIOR,high,prior
TRUST_INFLATION_SENS,-0.025,dimensionless,gim.core.calibration_params,PRIOR,high,unspecified
TRUST_TENSION_SENS,-0.08,dimensionless,gim.core.calibration_params,PRIOR,high,unspecified
TRUST_TENSION_THRESHOLD,0.3,dimensionless,gim.core.calibration_params,PRIOR,high,unspecified
TRUST_UNEMPLOYMENT_SENS,-0.025,dimensionless,gim.core.calibration_params,PRIOR,high,unspecified
